[
    {
        "x": 0.5,
        "y": 0.5,
        "z": 0.6,
        "a": 0.2,
        "b": 0.3,
        "c": 0.1,
        "ambient": [
            0.1,
            0.1,
            0.1
        ],
        "diffuse": [
            0.6,
            0.6,
            0.0
        ],
        "specular": [
            0.3,
            0.3,
            0.3
        ],
        "n": 5
    },
    {
        "x": 0.75,
        "y": 0.75,
        "z": 0.5,
        "a": 0.2,
        "b": 0.15,
        "c": 0.1,
        "ambient": [
            0.1,
            0.1,
            0.1
        ],
        "diffuse": [
            0.0,
            0.0,
            0.6
        ],
        "specular": [
            0.3,
            0.3,
            0.3
        ],
        "n": 20
    },
    {
        "x": 0.75,
        "y": 0.25,
        "z": 0.5,
        "a": 0.15,
        "b": 0.2,
        "c": 0.1,
        "ambient": [
            0.1,
            0.1,
            0.1
        ],
        "diffuse": [
            0.6,
            0.0,
            0.6
        ],
        "specular": [
            0.3,
            0.3,
            0.3
        ],
        "n": 12
    }
    
]