[
  {
    "name":"arm",
    "material": {"diffuse": [0.6,0.0,0.6]}, 
    "vertices": [[0.0, 0.1, 0.65],[0.0, 0.4, 0.65],[0.8,0.4,0.65],[0.8,0.1,0.65],[0.0, 0.1, 1.0],[0.0, 0.4, 1.0],[0.8,0.4,1.0],[0.8,0.1,1.0]],
    "triangles": [[0,1,2],[2,3,0],[0,1,5],[0,4,5],[0,4,3],[2,1,5],[2,5,6],[3,7,4],[3,2,6],[3,7,6],[6,5,7],[5,4,7]],
    "children": ["finger0", "finger1"]
  },
  {
    "name":"finger0",
    "material": {"diffuse": [0.6,0.0,0.0]}, 
    "vertices": [[0.0, 0.5, 0.65],[-0.1, 0.3, 0.65],[-0.3,0.7,0.65],[-0.4,0.5,0.65],[0.0,0.5,1.0],[-0.1,0.3,1.0],[-0.3,0.7,1.0],[-0.4,0.5,1.0]],
    "triangles": [[0,1,2],[2,3,1],[2,6,7],[2,7,3],[0,4,1],[1,4,5],[0,2,6],[0,6,4],[1,3,7],[1,5,7],[4,5,6],[5,6,7]],
    "parent": "arm"
  },
  {
    "name":"finger1",
    "material": {"diffuse": [0.0,0.6,0.0]}, 
    "vertices": [[-0.1, 0.2, 0.65],[0.0, 0.0, 0.65],[-0.4,0.0,0.65],[-0.3,-0.2,0.65],[-0.1,0.2,1.0],[0.0,0.0,1.0],[-0.4,0.0,1.0],[-0.3,-0.2,1.0]],
    "triangles": [[0,1,2],[2,3,1],[2,6,7],[2,7,3],[0,4,1],[1,4,5],[0,2,6],[0,6,4],[1,3,7],[1,5,7],[4,5,6],[5,6,7]],
    "parent": "arm"
  }
]
